User Id,Course Id,Cummulative Time,Age,Recommended Age,Age Difference,Start Time,Last Event,Act Days,Absence Days,Quiz Average,Lessons Completed,Quiz Average Timespent,Average Login 2W,Course_Difficulty ,Prerequisites,survival_percentage
23583,266,4260,12,12,0,1664726012,1670474158,3,64,88.38,2,110.54,3,0,0,0.428571429
23202,266,6540,12,12,0,1663030919,1673225877,4,114,51.52,1,339.55,4,0,0,0.45
23503,266,12600,12,12,0,1660660410,1662131824,9,8,100,5,98.7,9,0,0,0.45
23489,266,22080,12,12,0,1659662361,1664917229,8,53,77.59,5,108.16,8,0,0,0.65
23487,266,22020,12,12,0,1659317746,1659931571,4,3,91.86,10,50.4,4,0,0,0.571428571
23471,266,13020,12,12,0,1657810102,1662693911,7,50,77.01,10,52.71,7,0,0,0.45
23470,266,38100,12,12,0,1657808938,1658956827,6,7,84.44,10,105.84,6,0,0,0.857142857
23455,266,2580,12,12,0,1656350583,1656353445,1,0,63.49,3,87.52,1,0,0,0.142857143
23456,266,1560,12,12,0,1656349863,1656352071,1,0,90.91,1,96.47,1,0,0,0.142857143
23453,266,7380,12,12,0,1656333180,1656426578,2,0,82.2,2,208.08,2,0,0,0.285714286
23436,266,28260,12,12,0,1654196347,1665089163,13,113,77.24,10,71.36,13,0,0,1
23419,266,3660,12,12,0,1653148041,1653154607,1,0,95.46,2,96.77,1,0,0,0.142857143
23324,266,1140,12,12,0,1646591615,1646593086,1,0,90.91,1,76.83,1,0,0,0.142857143
23322,266,1440,12,12,0,1646518945,1655246487,3,98,86.37,2,116.16,3,0,0,0.428571429
23318,266,6300,12,12,0,1646425196,1649892535,3,37,95.46,2,238.58,3,0,0,0.428571429
23308,266,16800,12,12,0,1646102196,1657828879,9,127,68.75,10,97.48,9,0,0,0.65
23294,266,15420,12,12,0,1645659875,1647385754,8,12,80.13,10,106.07,8,0,0,0.45
23270,266,1620,12,12,0,1645156743,1655321027,3,115,72.73,1,123.09,3,0,0,0.428571429
23268,266,3300,12,12,0,1645141876,1647409317,3,23,100,4,64.9,3,0,0,0.428571429
22020,266,10860,12,12,0,1643325775,1654199983,7,119,77.37,10,119.9,7,0,0,0.45
23104,266,24240,12,12,0,1640874198,1645565658,7,47,67.14,10,68.72,7,0,0,0.65
23122,266,1140,12,12,0,1640454255,1640456046,1,0,81.82,1,161.74,1,0,0,0.142857143
23079,266,26100,12,12,0,1639693230,1640717537,8,4,85.97,10,180.59,8,0,0,1
22945,266,22920,12,12,0,1639178869,1671503309,8,366,81.53,5,158.97,8,0,0,0.65
22422,266,2520,12,12,0,1637706552,1637708862,1,0,81.82,1,262.84,1,0,0,0.142857143
22416,266,20340,12,12,0,1637641897,1650924017,12,142,58.42,8,63.69,12,0,0,0.65
22412,266,17100,12,12,0,1637560657,1652046314,7,161,72.73,2,98.33,7,0,0,0.65
22372,266,4920,12,12,0,1636936085,1637109409,3,0,90.91,2,109.75,3,0,0,0.428571429
22370,266,25140,12,12,0,1636920132,1638246471,7,8,92.54,8,63.43,7,0,0,1
22326,266,5160,12,12,0,1636652079,1639327512,4,27,82.32,2,225.23,4,0,0,0.45
22318,266,6120,12,12,0,1636603600,1637438701,4,6,89.56,3,150.58,4,0,0,0.45
22319,266,3300,12,12,0,1636603396,1636677254,2,0,70.46,2,61.89,2,0,0,0.285714286
22314,266,1140,12,12,0,1636582182,1637186715,2,5,82.83,3,117.21,2,0,0,0.285714286
22307,266,3060,12,12,0,1636511599,1636595752,2,0,66.67,1,216.88,2,0,0,0.285714286
22280,266,18000,12,12,0,1636420430,1637758551,7,8,94.95,4,94.98,7,0,0,0.65
22176,266,3240,12,12,0,1635896101,1635979206,2,0,61.21,2,90.19,2,0,0,0.285714286
22157,266,4200,12,12,0,1635795806,1636687358,3,7,81.82,1,131.74,3,0,0,0.428571429
22129,266,13200,12,12,0,1635379751,1636068619,4,4,78.64,10,69.7,4,0,0,0.45
22114,266,29460,12,12,0,1635338323,1636236691,10,0,57.81,10,165.26,10,0,0,0.65
22111,266,17100,12,12,0,1635336887,1641919034,8,68,84.16,9,146.65,8,0,0,0.65
22106,266,14040,12,12,0,1635297795,1638145349,10,23,78.44,6,86.97,10,0,0,0.45
22066,266,31740,12,12,0,1635209063,1657904533,10,253,75.2,10,305.57,10,0,0,1
22019,266,4260,12,12,0,1635006715,1635295479,3,0,72.73,1,131.23,3,0,0,0.428571429
22024,266,17100,12,12,0,1634944274,1636852643,6,16,80.98,3,159.06,6,0,0,0.65
21997,266,2580,12,12,0,1634606747,1634770734,2,0,81.82,1,562.92,2,0,0,0.285714286
21956,266,24060,12,12,0,1634269073,1635550748,11,4,58.63,10,50.65,11,0,0,0.65
21859,266,19680,12,12,0,1633896605,1635629701,4,16,68.91,10,50.38,4,0,0,0.571428571
21818,266,23580,12,12,0,1631156974,1641345340,7,111,69.92,3,121.48,7,0,0,0.65
21806,266,1920,12,12,0,1630710206,1639180641,3,95,86.08,10,94.74,3,0,0,0.428571429
21797,266,15000,12,12,0,1630467561,1641273898,11,114,48.06,6,31.69,11,0,0,0.45
21779,266,12300,12,12,0,1630012658,1635372873,11,51,84.07,10,88.6,11,0,0,0.45
21766,266,3060,12,12,0,1629894889,1634078780,2,46,81.82,1,370.75,2,0,0,0.285714286
21764,266,15000,12,12,0,1629862779,1630464079,6,1,86.21,10,89.98,6,0,0,0.45
21602,266,900,12,12,0,1629658260,1648920996,6,217,72.31,4,53.16,6,0,0,0.45
21713,266,11400,12,12,0,1629553789,1629844363,4,0,80.85,10,70.16,4,0,0,0.45
21411,266,6600,12,12,0,1628535828,1628546189,1,0,85.8,10,67.15,1,0,0,0.142857143
21315,266,3660,12,12,0,1628120493,1657125403,2,334,90.91,1,104.76,2,0,0,0.285714286
21305,266,9840,12,12,0,1628112301,1632787396,7,47,84.85,2,131.67,7,0,0,0.45
21129,266,9120,12,12,0,1627924120,1632529733,3,50,68.18,2,133.98,3,0,0,0.428571429
20850,266,17040,12,12,0,1627655160,1636306510,9,91,80.35,5,111.4,9,0,0,0.65
21079,266,2820,12,12,0,1628090163,1628608602,4,2,90.91,1,179.09,4,0,0,0.45
17597,266,11700,12,12,0,1627409067,1629239141,10,11,78.54,10,80.97,10,0,0,0.45
21020,266,13680,12,12,0,1627148212,1628016050,9,1,93.47,10,80.19,9,0,0,0.45
20970,266,3780,12,12,0,1627064936,1627408104,2,2,90.91,2,145.54,2,0,0,0.285714286
20903,266,5940,12,12,0,1626817106,1626831112,2,0,93.94,3,171.59,2,0,0,0.285714286
20694,266,40380,12,12,0,1626052244,1633215188,15,68,64.71,8,128.73,15,0,0,0.65
16866,266,17460,12,12,0,1626044232,1639408820,20,135,79.03,7,84.38,20,0,0,0.65
20693,266,7380,12,12,0,1626040885,1627518462,4,13,57.8,5,50.39,4,0,0,0.45
20637,266,2820,12,12,0,1626032737,1631482204,2,61,90.91,2,132.6,2,0,0,0.285714286
20690,266,12360,12,12,0,1626032264,1626411392,5,0,70.82,10,78.91,5,0,0,0.45
20618,266,14640,12,12,0,1626013259,1628266859,6,20,81.39,10,111.8,6,0,0,0.45
20612,266,13920,12,12,0,1634208621,1645483328,8,122,87.37,5,130.08,8,0,0,0.45
20493,266,28980,12,12,0,1625612946,1627060846,8,9,78.47,10,143.42,8,0,0,1
20454,266,19020,12,12,0,1625580185,1628544856,9,25,83.98,10,117.78,9,0,0,0.65
18143,266,41940,12,12,0,1625418088,1626448445,10,2,50.94,10,382.69,10,0,0,0.65
20479,266,3600,12,12,0,1625341220,1627329805,3,20,94.31,10,61.43,3,0,0,0.428571429
20473,266,33060,12,12,0,1625275483,1642123983,12,183,96.19,8,74.25,12,0,0,1
20463,266,91020,12,12,0,1625168359,1628103351,21,13,53.76,10,119.57,21,0,0,0.65
20430,266,20280,12,12,0,1625145564,1626453792,10,5,79.12,10,65.08,10,0,0,0.65
20431,266,15720,12,12,0,1625107718,1626453916,7,9,65.94,10,74.26,7,0,0,0.45
20137,266,12360,12,12,0,1624924419,1625015528,3,0,90.19,10,52.81,3,0,0,0.428571429
20353,266,9180,12,12,0,1624918269,1627448249,3,26,96.97,3,183.01,3,0,0,0.428571429
20417,266,24420,12,12,0,1624901802,1626135207,6,8,98.89,10,327.16,6,0,0,0.65
20381,266,2400,12,12,0,1624646663,1624649845,1,0,90.91,1,129.28,1,0,0,0.142857143
20209,266,3720,12,12,0,1624568345,1626979725,2,26,72.73,1,178.08,2,0,0,0.285714286
20358,266,12960,12,12,0,1624564979,1627754322,15,22,73.85,10,81.43,15,0,0,0.45
20249,266,21000,12,12,0,1624471473,1626922681,12,16,71.06,10,52.5,12,0,0,0.65
20300,266,1380,12,12,0,1624422760,1625159472,2,7,100,1,111.18,2,0,0,0.285714286
20260,266,4260,12,12,0,1627058866,1629396522,4,23,96.3,2,107.69,4,0,0,0.45
20176,266,5280,12,12,0,1624310356,1624572191,3,0,78.79,2,109.06,3,0,0,0.428571429
20175,266,16980,12,12,0,1624295055,1624990175,4,4,76.47,10,152.29,4,0,0,0.571428571
20140,266,20460,12,12,0,1624023701,1631490789,17,69,70.23,6,137.33,17,0,0,0.65
20124,266,2460,12,12,0,1623943546,1626022237,3,21,72.73,1,224.55,3,0,0,0.428571429
20120,266,31440,12,12,0,1623888272,1628622947,7,48,85.7,10,62.36,7,0,0,1
20111,266,780,12,12,0,1623855751,1623935231,2,0,81.82,1,135.74,2,0,0,0.285714286
20102,266,9300,12,12,0,1632762759,1632762759,5,0,79.48,10,73.55,5,0,0,0.45
20092,266,10920,12,12,0,1623778127,1623807585,2,0,93.33,2,121.53,2,0,0,0.285714286
19363,266,59940,12,12,0,1623721815,1626486362,11,21,77.75,10,115.77,11,0,0,1
20034,266,46020,12,12,0,1623715432,1625680112,6,17,59.05,10,119.21,6,0,0,0.65
19930,266,80340,12,12,0,1623688322,1626809351,10,26,87.03,10,91.62,10,0,0,1
23611,1743,9300,12,12,0,1667678889,1669672461,7,16,72.86,5,145.83,7,0,1,0.45
23564,1743,2460,12,12,0,1663442843,1663445988,1,0,90,1,293.12,1,0,1,0.142857143
23487,1743,27420,12,12,0,1659317751,1661719044,10,18,88.27,10,118.83,10,0,1,1
23471,1743,43860,12,12,0,1659033888,1662692705,14,28,60.18,10,117.84,14,0,1,0.65
22066,1743,27480,12,12,0,1657905102,1658618015,7,1,73.74,5,456.74,7,0,1,1
23454,1743,5280,12,12,0,1656348659,1657078680,3,5,65,3,124.35,3,0,1,0.428571429
23436,1743,3780,12,12,0,1654196347,1669069863,3,169,90,1,178.38,3,0,1,0.428571429
23429,1743,42240,12,12,0,1654107453,1665240484,9,120,73.75,4,242.91,9,0,1,1
23419,1743,9900,12,12,0,1653148040,1660766531,7,81,70,2,202.39,7,0,1,0.45
23392,1743,1980,12,12,0,1650841253,1650926616,2,0,100,1,255.81,2,0,1,0.285714286
23306,1743,900,12,12,0,1646603612,1659036992,2,142,76.67,3,139.92,2,0,1,0.285714286
23324,1743,7140,12,12,0,1646591614,1647044705,5,0,90,2,126.46,5,0,1,0.45
23322,1743,110040,12,12,0,1646518944,1664664735,23,187,56.69,8,279.15,23,0,1,0.65
23308,1743,14820,12,12,0,1646102196,1671570639,12,283,57.84,6,154.49,12,0,1,0.45
23305,1743,3000,12,12,0,1646052837,1654621690,3,96,90,1,550.67,3,0,1,0.428571429
23294,1743,22980,12,12,0,1645659874,1654884909,9,98,67.05,6,145.05,9,0,1,0.65
23276,1743,72240,12,12,0,1645233575,1649096079,22,23,70.23,10,267.66,22,0,1,1
23273,1743,16980,12,12,0,1645173711,1662426113,10,190,68.08,6,172.93,10,0,1,0.65
22111,1743,11400,12,12,0,1644248663,1651504054,5,79,74,3,236.44,5,0,1,0.45
23174,1743,7200,12,12,0,1643034135,1643070873,2,0,95,1,197.96,2,0,1,0.285714286
23079,1743,16140,12,12,0,1642965010,1645313166,8,19,70.46,10,203.31,8,0,1,0.65
22020,1743,16740,12,12,0,1642277358,1650743441,8,90,76.18,10,156.23,8,0,1,0.65
23172,1743,31920,12,12,0,1642024213,1659977796,14,194,83.12,6,279.5,14,0,1,1
22431,1743,6240,12,12,0,1641758169,1642875699,2,11,80,1,141.59,2,0,1,0.285714286
22960,1743,20820,12,12,0,1639188060,1646267749,7,75,90,1,202.56,7,0,1,0.65
22424,1743,4500,12,12,0,1637803766,1641246972,2,38,80,2,148.55,2,0,1,0.285714286
22423,1743,900,12,12,0,1637794080,1637797245,1,0,80,1,218.61,1,0,1,0.142857143
22416,1743,31860,12,12,0,1637641896,1642889831,14,47,53.87,10,94.89,14,0,1,0.65
22412,1743,174180,12,12,0,1637560656,1644358150,15,64,71.52,10,234.33,15,0,1,1
22370,1743,51060,12,12,0,1636920131,1642129013,12,48,77.02,9,93.13,12,0,1,1
22324,1743,5520,12,12,0,1636664934,1640210263,3,38,70,1,271.01,3,0,1,0.428571429
22314,1743,23820,12,12,0,1636582181,1641065291,6,46,45,7,96.86,6,0,1,0.65
22202,1743,3240,12,12,0,1636164804,1659400888,2,267,72.73,6,105.04,2,0,1,0.285714286
22215,1743,3300,12,12,0,1636140770,1647379378,2,128,55,1,229.46,2,0,1,0.285714286
22194,1743,25620,12,12,0,1635974081,1638026055,9,15,67.73,4,126.3,9,0,1,0.65
22193,1743,28440,12,12,0,1635967549,1636715351,7,2,73.64,6,210.73,7,0,1,1
22148,1743,1142220,12,12,0,1635481586,1637783448,8,19,64.5,7,137,8,0,1,0.65
22113,1743,3360,12,12,0,1635385235,1636064688,2,6,59.55,4,547.01,2,0,1,0.285714286
22053,1743,7320,12,12,0,1635201285,1635376312,4,0,65,1,193.93,4,0,1,0.45
22022,1743,22560,12,12,0,1634936353,1635449135,4,2,80,1,461.29,4,0,1,0.571428571
21956,1743,14100,12,12,0,1634269072,1644728549,10,111,64.16,8,189.23,10,0,1,0.45
21893,1743,15540,12,12,0,1634000401,1644034598,8,108,50,2,137.3,8,0,1,0.45
21854,1743,5460,12,12,0,1633660532,1635477166,3,18,70,2,181.12,3,0,1,0.428571429
20142,1743,24420,12,12,0,1631843616,1636316653,9,43,69.19,4,186.52,9,0,1,0.65
21830,1743,43920,12,12,0,1631738545,1663102150,14,349,80.39,6,180.57,14,0,1,1
21806,1743,4680,12,12,0,1630710206,1650670028,7,224,64.44,3,142.35,7,0,1,0.45
21764,1743,21960,12,12,0,1629862779,1631483783,12,7,76.74,10,181.17,12,0,1,0.65
21753,1743,17520,12,12,0,1629827330,1659147194,6,333,60,1,651.61,6,0,1,0.65
21713,1743,28380,12,12,0,1629553789,1647989691,12,201,72.81,7,143.36,12,0,1,1
21694,1743,2760,12,12,0,1629475586,1632348871,4,29,80,1,113.22,4,0,1,0.45
21546,1743,34320,12,12,0,1629213268,1629912888,5,3,67.5,2,131.14,5,0,1,0.65
21477,1743,34200,12,12,0,1628969529,1629943431,8,3,80.61,6,105.44,8,0,1,1
21373,1743,2580,12,12,0,1628627025,1628811437,2,0,80,1,169.04,2,0,1,0.285714286
21411,1743,29820,12,12,0,1628535827,1628875639,5,0,62.18,10,112.85,5,0,1,0.65
20249,1743,45600,12,12,0,1654897726,1654897725,19,0,57.13,5,131.21,19,0,1,0.65
21254,1743,5700,12,12,0,1628103351,1629235120,2,11,80,1,240.6,2,0,1,0.285714286
21192,1743,53400,12,12,0,1627949297,1650573378,9,253,69.27,7,318.02,9,0,1,0.65
17597,1743,26700,12,12,0,1627409377,1631662649,10,39,57.84,10,143.39,10,0,1,0.65
16866,1743,21780,12,12,0,1626044232,1644508368,18,196,65.69,10,172.34,18,0,1,0.65
20690,1743,11520,12,12,0,1626032264,1628743607,4,27,62.73,4,446.9,4,0,1,0.45
20680,1743,6180,12,12,0,1625938758,1627059021,9,4,54.63,9,63.1,9,0,1,0.45
20644,1743,26760,12,12,0,1625788359,1633042173,12,72,75.68,4,209.89,12,0,1,1
20612,1743,36360,12,12,0,1634209248,1634209248,9,0,59.55,6,196.67,9,0,1,0.65
20493,1743,27960,12,12,0,1625612945,1633722247,8,86,53.75,3,227.83,8,0,1,0.65
20454,1743,19800,12,12,0,1625580184,1631374391,12,55,68.11,6,136.31,12,0,1,0.65
20479,1743,35640,12,12,0,1625341218,1627070883,14,6,85.39,10,141.89,14,0,1,1
20463,1743,46080,12,12,0,1625168358,1641318833,17,170,40.31,4,95.08,17,0,1,0.65
20430,1743,18900,12,12,0,1625145563,1634424709,11,96,69.38,10,159.62,11,0,1,0.65
20431,1743,7500,12,12,0,1625107717,1634425212,5,103,58.67,4,119.39,5,0,1,0.45
20433,1743,33300,12,12,0,1624935306,1636237092,14,117,49.45,10,148.14,14,0,1,0.65
20429,1743,9240,12,12,0,1624923280,1624994429,2,0,100,1,204.69,2,0,1,0.285714286
20428,1743,1800,12,12,0,1624923026,1630084000,2,58,80,1,311.87,2,0,1,0.285714286
20423,1743,14280,12,12,0,1624912788,1625063171,2,0,70,3,251.72,2,0,1,0.285714286
20209,1743,11340,12,12,0,1624568344,1627423025,8,25,85,2,173.95,8,0,1,0.45
20300,1743,46500,12,12,0,1624422759,1654124384,29,315,70.78,10,189.14,29,0,1,1
20111,1743,2820,12,12,0,1623855751,1626186854,3,24,90,2,199.28,3,0,1,0.428571429
20102,1743,14820,12,12,0,1632762782,1647908052,8,167,69.12,10,195.44,8,0,1,0.45
19930,1743,37020,12,12,0,1623688321,1630803784,10,72,81.82,6,123.25,10,0,1,1
20041,1743,27000,12,12,0,1623454193,1625790725,9,18,76.65,10,133.04,9,0,1,1
20006,1743,7080,12,12,0,1623289960,1626579938,5,33,100,1,172.94,5,0,1,0.45
19984,1743,3840,12,12,0,1623261032,1623352690,2,0,80,1,517.01,2,0,1,0.285714286
19983,1743,7200,12,12,0,1623260189,1623273469,1,0,95,1,102.45,1,0,1,0.142857143
19865,1743,26520,12,12,0,1623101597,1655410968,12,362,80.23,5,128.2,12,0,1,1
18248,1743,20160,12,12,0,1622997431,1630882355,10,81,64.29,3,307.79,10,0,1,0.65
19849,1743,43080,12,12,0,1622946994,1632016681,9,96,73.32,10,169.79,9,0,1,1
19841,1743,9660,12,12,0,1622914095,1641846427,9,210,52,3,77.46,9,0,1,0.45
19825,1743,63720,12,12,0,1622838839,1625164755,15,12,64.07,10,108.61,15,0,1,0.65
19817,1743,27780,12,12,0,1622774325,1631564454,14,88,66.67,10,129.22,14,0,1,0.65
19784,1743,116940,12,12,0,1622766450,1626299790,9,32,66.11,10,202.97,9,0,1,0.65
19775,1743,1740,12,12,0,1622528936,1625960731,2,38,42.61,4,22.61,2,0,1,0.285714286
19748,1743,1200,12,12,0,1622412118,1622581098,2,0,70,1,152.09,2,0,1,0.285714286
19723,1743,13800,12,12,0,1622298392,1626523861,7,42,66,3,291.47,7,0,1,0.45
19702,1743,23880,12,12,0,1622214389,1624291014,9,15,77.65,10,359.34,9,0,1,0.65
19701,1743,26220,12,12,0,1622213937,1624291009,9,15,84.65,10,228.14,9,0,1,1
19607,1743,94140,12,12,0,1622203903,1624975365,14,18,78.6,10,277.43,14,0,1,1
19657,1743,5940,12,12,0,1622147135,1625250416,5,31,62,3,230.88,5,0,1,0.45
19603,1743,21060,12,12,0,1622058465,1638223603,14,173,58.75,3,182.69,14,0,1,0.65
19439,1743,10740,12,12,0,1621876475,1622559455,6,2,70,1,304.11,6,0,1,0.45
19477,1743,11040,12,12,0,1621617054,1623172928,3,15,95,2,278.03,3,0,1,0.428571429
19435,1743,7920,12,12,0,1621471716,1635658915,3,161,65,1,131.63,3,0,1,0.428571429
23487,3917,14280,12,12,0,1659317756,1662827354,3,38,75.83,8,202.05,3,1,2,0.3
23471,3917,11460,12,12,0,1659033895,1669242153,7,111,56.25,1,531.16,7,1,2,0.45
23362,3917,420,12,12,0,1649906220,1652926648,2,33,40,1,173.21,2,1,2,0.2
23233,3917,4020,12,12,0,1645421308,1672178600,3,307,90,1,283.98,3,1,2,0.3
23270,3917,12240,12,12,0,1645156745,1672786793,7,313,65,2,357.44,7,1,2,0.45
22416,3917,21840,12,12,0,1638234743,1652908593,12,158,38.68,8,54.46,12,1,2,0.65
22367,3917,7800,12,12,0,1636916564,1638124806,4,10,61.25,2,350.99,4,1,2,0.4
22197,3917,3180,12,12,0,1635985142,1636589322,3,4,40,1,283.01,3,1,2,0.3
22133,3917,39420,12,12,0,1635388409,1645459757,13,104,51.33,5,410.92,13,1,2,0.65
22114,3917,8940,12,12,0,1635338327,1636682746,4,12,46.67,2,413.53,4,1,2,0.4
22007,3917,11940,12,12,0,1634729062,1643848360,7,99,72.5,1,216.61,7,1,2,0.45
21859,3917,4920,12,12,0,1633896609,1634082282,2,0,32.5,1,364.08,2,1,2,0.2
21806,3917,1020,12,12,0,1630710210,1650671208,3,228,51.67,1,275.61,3,1,2,0.3
21764,3917,26040,12,12,0,1629862783,1633734353,14,31,75.65,8,405.42,14,1,2,1
21602,3917,3960,12,12,0,1629658264,1650216112,6,232,56.25,2,427.3,6,1,2,0.45
21192,3917,25680,12,12,0,1627949301,1654014955,5,297,70,2,329.38,5,1,2,0.5
20417,3917,50280,12,12,0,1626563057,1633293042,8,70,95,2,1199.62,8,1,2,0.8
20785,3917,36240,12,12,0,1626548193,1627671054,10,3,66.54,8,446.14,10,1,2,0.65
20786,3917,19440,12,12,0,1626547779,1642949020,8,182,63.33,3,340.06,8,1,2,0.65
18006,3917,43680,12,12,0,1626461579,1628103830,7,12,50,1,783.16,7,1,2,0.65
20637,3917,4800,12,12,0,1626032739,1630960738,2,55,90,1,471.41,2,1,2,0.2
20618,3917,15780,12,12,0,1626013262,1640702269,5,165,60.83,2,447.92,5,1,2,0.45
20493,3917,15060,12,12,0,1625612952,1630019148,4,47,45,1,605.32,4,1,2,0.4
19784,3917,123780,12,12,0,1625524338,1627679982,12,13,55.94,8,411.98,12,1,2,0.65
19681,3917,38700,12,12,0,1624224833,1629307888,35,24,57.86,6,433.75,35,1,2,0.65
19746,3917,3720,12,12,0,1622557697,1625162036,3,27,75,1,335.86,3,1,2,0.3
19758,3917,16140,12,12,0,1622489780,1661205377,9,439,54.44,2,313.55,9,1,2,0.65
19439,3917,20280,12,12,0,1621876477,1625693450,6,38,78.33,2,1297.1,6,1,2,0.6
18518,3917,15600,12,12,0,1619557647,1619815624,4,0,86.67,3,516.82,4,1,2,0.4
17955,3917,47400,12,12,0,1618690028,1628013343,9,99,72.5,2,1011.43,9,1,2,0.9
17180,3917,12240,12,12,0,1617395058,1627521333,5,112,75,1,316.94,5,1,2,0.45
16557,3917,4440,12,12,0,1617068882,1624550574,3,84,70,1,317.17,3,1,2,0.3
23487,4103,39600,12,12,0,1662828711,1669069954,11,61,76.26,8,231.98,11,2,2,0.785714286
23470,4103,35640,12,12,0,1657808938,1662153429,7,43,50.21,5,288.92,7,2,2,0.5
23327,4103,26940,12,12,0,1657753472,1659102513,3,13,64.1,2,240.49,3,2,2,0.46
23445,4103,5700,12,12,0,1656116504,1656198179,1,0,92.31,1,752.42,1,2,2,0.071428571
23303,4103,67500,12,12,0,1646091583,1672180228,14,288,70.56,5,281.96,14,2,2,1
23079,4103,34260,12,12,0,1639693229,1660703887,14,229,56.49,7,163.91,14,2,2,0.65
22112,4103,4980,12,12,0,1635553273,1636428092,2,8,60,1,401.36,2,2,2,0.142857143
22113,4103,8700,12,12,0,1635385238,1637769629,3,25,53.42,2,359.12,3,2,2,0.214285714
22129,4103,5520,12,12,0,1635379750,1637024928,5,14,58.54,2,371.19,5,2,2,0.357142857
22029,4103,10920,12,12,0,1635016992,1637437610,5,23,71.8,1,151.01,5,2,2,0.357142857
21764,4103,30900,12,12,0,1629862781,1653609261,19,256,67.72,8,155.65,19,2,2,0.65
21479,4103,49080,12,12,0,1629002687,1632713160,10,33,70.24,3,341.51,10,2,2,0.714285714
21288,4103,32040,12,12,0,1628087081,1636126861,9,84,74.49,3,351.3,9,2,2,0.66
17597,4103,5820,12,12,0,1627409082,1633805425,7,67,84.62,1,243.29,7,2,2,0.45
20611,4103,3720,12,12,0,1625729473,1627236436,2,15,50,1,32.46,2,2,2,0.142857143
20340,4103,31020,12,12,0,1625676841,1642564028,9,186,75.02,2,419.84,9,2,2,0.66
20137,4103,47100,12,12,0,1624923576,1636684949,10,126,80.04,3,188.94,10,2,2,0.714285714
20225,4103,2400,12,12,0,1624318521,1628280153,2,44,92.31,1,225.72,2,2,2,0.142857143
19784,4103,46260,12,12,0,1622766443,1623791657,5,7,61.16,8,264.55,5,2,2,0.46
19812,4103,3420,12,12,0,1622748419,1623176373,3,2,92.31,1,185.21,3,2,2,0.214285714
19749,4103,14760,12,12,0,1626895414,1645820141,18,201,53.29,5,71.77,18,2,2,0.45
19607,4103,49980,12,12,0,1622052673,1628709777,11,66,64.96,5,258.14,11,2,2,0.65
19477,4103,43320,12,12,0,1621617057,1648615134,10,302,68.92,2,2033.62,10,2,2,0.65
19468,4103,16560,12,12,0,1621562034,1622567102,4,8,69.23,1,255.76,4,2,2,0.46
17971,4103,5700,12,12,0,1618962444,1619298464,3,1,84.62,1,512.29,3,2,2,0.214285714
23449,6141,37980,12,12,0,1656184809,1666103249,8,107,54.17,2,294.55,8,3,3,0.46
23421,6141,84420,12,12,0,1654125623,1658769969,20,34,52.69,10,221.21,20,3,3,0.65
22395,6141,43500,12,12,0,1637214143,1640819533,9,33,51.53,10,120.96,9,3,3,0.5
22339,6141,37080,12,12,0,1636720001,1644026408,8,77,45,2,859.5,8,3,3,0.46
22213,6141,8040,12,12,0,1636255037,1637125806,3,7,75,1,1081.14,3,3,3,0.166666667
22112,6141,48180,12,12,0,1635553273,1636943300,10,6,58.26,10,192.21,10,3,3,0.555555556
22113,6141,19260,12,12,0,1635385237,1636774242,6,10,56.19,10,428.03,6,3,3,0.46
22029,6141,9180,12,12,0,1635016991,1638133519,3,33,80,1,234.68,3,3,3,0.166666667
21479,6141,29220,12,12,0,1629002686,1629404279,3,2,83.75,2,176.07,3,3,3,0.66
20643,6141,17160,12,12,0,1625788835,1629067543,9,29,86,2,232.31,9,3,3,0.5
20611,6141,18180,12,12,0,1625729472,1627686748,7,16,60,3,42.43,7,3,3,0.46
20340,6141,23520,12,12,0,1625676841,1626899814,7,7,52.5,1,651,7,3,3,0.46
19784,6141,37980,12,12,0,1625524323,1634439690,7,96,70,1,146.36,7,3,3,0.46
20225,6141,10620,12,12,0,1624318509,1629851749,5,59,80,1,306.46,5,3,3,0.277777778
20175,6141,96480,12,12,0,1624295042,1640640355,25,164,48.49,10,384.5,25,3,3,0.65
20128,6141,6300,12,12,0,1623959638,1627597190,4,38,63.75,1,491.85,4,3,3,0.222222222
20120,6141,127140,12,12,0,1623888258,1630715673,24,55,80.41,7,505.32,24,3,3,1
19984,6141,17880,12,12,0,1623261028,1626743314,6,34,82.5,1,230.23,6,3,3,0.46
19812,6141,19260,12,12,0,1622748418,1623430219,5,3,85,1,171.78,5,3,3,0.46
19807,6141,10080,12,12,0,1622668320,1651782052,8,329,64.71,3,695.56,8,3,3,0.444444444
19782,6141,47820,12,12,0,1622568120,1629079397,11,64,82,2,193.13,11,3,3,0.66
19772,6141,17700,12,12,0,1622519160,1626324996,5,39,80,1,571.98,5,3,3,0.46
19553,6141,9060,12,12,0,1622490702,1628640015,8,63,85,1,520.33,8,3,3,0.444444444
17234,6141,180300,12,12,0,1617833049,1628960153,31,98,73.75,9,1449.01,31,3,3,1
15851,6141,76680,12,12,0,1614756159,1645719377,16,342,50.86,10,224.47,16,3,3,0.65
23487,30681,24840,12,12,0,1664156165,1672687403,7,92,72.22,3,168.89,7,1,1,0.65
23233,30681,41400,12,12,0,1659468709,1672786110,13,141,77.33,4,822.52,13,1,1,1
23433,30681,8820,12,12,0,1656226878,1656250589,2,0,68.34,2,133.98,2,1,1,0.2
23303,30681,31140,12,12,0,1654548439,1656456190,6,16,76.67,3,162.05,6,1,1,0.66
23079,30681,18960,12,12,0,1652234742,1655242758,5,30,53.67,8,163.9,5,1,1,0.5
23181,30681,9600,12,12,0,1644193968,1646344885,4,21,71.43,1,143.75,4,1,1,0.4
19865,30681,2460,12,12,0,1640640397,1640712366,2,0,85.72,1,108.86,2,1,1,0.2
23120,30681,22740,12,12,0,1640387509,1642940210,5,25,84.05,5,209.37,5,1,1,0.5
22460,30681,1440,12,12,0,1639857699,1642274024,2,26,46.43,2,70.72,2,1,1,0.2
21192,30681,15000,12,12,0,1632506711,1643148759,4,119,75,2,237.55,4,1,1,0.4
20785,30681,7380,12,12,0,1628859563,1629293923,3,2,63.57,3,233.4,3,1,1,0.3
20931,30681,4260,12,12,0,1626847730,1629659780,4,29,66.67,1,170.62,4,1,1,0.4
20266,30681,3600,12,12,0,1624379143,1624407107,2,0,40,1,215.91,2,1,1,0.2
19818,30681,30480,12,12,0,1624302296,1627331828,6,29,69.73,2,201.11,6,1,1,0.6
20142,30681,67620,12,12,0,1624138209,1655046847,15,343,63.56,6,211.27,15,1,1,0.65
19694,30681,20400,12,12,0,1624036901,1626544336,4,25,63.33,1,185.05,4,1,1,0.46
20055,30681,9660,12,12,0,1623647621,1651199653,3,316,83.1,2,100.59,3,1,1,0.3
19751,30681,8460,12,12,0,1623031322,1643426148,3,233,85.71,1,185.75,3,1,1,0.3
18120,30681,5400,12,12,0,1626124380,1626127892,2,0,83.34,1,128.2,2,1,1,0.2
19772,30681,11040,12,12,0,1622519407,1624920309,3,25,90,1,133.25,3,1,1,0.3
19749,30681,15900,12,12,0,1623256100,1626895189,14,28,61.74,8,124.79,14,1,1,0.45
19678,30681,10620,12,12,0,1622158455,1623105849,5,6,81.67,1,128.53,5,1,1,0.45
18633,30681,26520,12,12,0,1621222019,1624232403,7,28,82.86,2,917.85,7,1,1,0.7
18723,30681,39420,12,12,0,1621101482,1622412814,11,4,63.85,8,153.79,11,1,1,0.65
16927,30681,9660,12,12,0,1617815404,1617893905,2,0,68.89,1,130.79,2,1,1,0.2
16248,30681,19200,12,12,0,1616311019,1621186510,6,50,58.16,2,92.05,6,1,1,0.6
